zip,type,primary_city,acceptable_cities,unacceptable_cities,state,county,timezone,area_codes,latitude,longitude,world_region,country,decommissioned,estimated_population,notes
94002,STANDARD,Belmont,,,CA,San Mateo County,America/Los_Angeles,"650,415",37.5,-122.3,NA,US,0,23092,
94005,STANDARD,Brisbane,,,CA,San Mateo County,America/Los_Angeles,"415,650",37.68,-122.41,NA,US,0,4345,
94010,STANDARD,Burlingame,Hillsborough,,CA,San Mateo County,America/Los_Angeles,"415,650",37.56,-122.37,NA,US,0,35172,
94011,PO BOX,Burlingame,,,CA,San Mateo County,America/Los_Angeles,650,37.57,-122.34,NA,US,0,973,
94013,UNIQUE,Daly City,Sf International Service Ctr,,CA,San Mateo County,America/Los_Angeles,650,37.7,-122.45,NA,US,1,0,Converted Decommisioned Zipcodes
94014,STANDARD,Daly City,Colma,,CA,San Mateo County,America/Los_Angeles,"415,650,510",37.68,-122.43,NA,US,0,36989,
94015,STANDARD,Daly City,Broadmoor Vlg,,CA,San Mateo County,America/Los_Angeles,"650,415",37.67,-122.47,NA,US,0,49650,
94016,PO BOX,Daly City,,,CA,San Mateo County,America/Los_Angeles,650,37.7,-122.45,NA,US,0,0,
94017,PO BOX,Daly City,,,CA,San Mateo County,America/Los_Angeles,650,37.69,-122.47,NA,US,0,895,
94018,PO BOX,El Granada,,,CA,San Mateo County,America/Los_Angeles,650,37.5,-122.47,NA,US,0,3353,
94019,STANDARD,Half Moon Bay,,Princeton By The Sea,CA,San Mateo County,America/Los_Angeles,"650,415",37.44,-122.41,NA,US,0,12963,
94020,STANDARD,La Honda,,,CA,San Mateo County,America/Los_Angeles,650,37.28,-122.24,NA,US,0,1307,
94021,STANDARD,Loma Mar,,,CA,San Mateo County,America/Los_Angeles,650,37.27,-122.26,NA,US,0,0,
94022,STANDARD,Los Altos,Los Altos Hills,,CA,Santa Clara County,America/Los_Angeles,"650,408",37.36,-122.14,NA,US,0,17620,
94023,PO BOX,Los Altos,,,CA,Santa Clara County,America/Los_Angeles,650,37.37,-122.11,NA,US,0,687,
94024,STANDARD,Los Altos,Los Altos Hills,,CA,Santa Clara County,America/Los_Angeles,"650,916,408",37.34,-122.11,NA,US,0,20665,
94025,STANDARD,Menlo Park,"W Menlo Park, West Menlo Park",,CA,San Mateo County,America/Los_Angeles,"650,510,408,415",37.45,-122.17,NA,US,0,32613,
94026,PO BOX,Menlo Park,,West Menlo Park,CA,San Mateo County,America/Los_Angeles,650,37.47,-122.18,NA,US,0,1186,
94027,STANDARD,Atherton,Menlo Park,,CA,San Mateo County,America/Los_Angeles,650,37.44,-122.2,NA,US,0,6145,
94028,STANDARD,Portola Valley,"Menlo Park, Portola Vally",Menlo Pk,CA,San Mateo County,America/Los_Angeles,"415,650",37.37,-122.21,NA,US,0,6281,
94030,STANDARD,Millbrae,,,CA,San Mateo County,America/Los_Angeles,"650,408",37.59,-122.4,NA,US,0,18869,
94035,PO BOX,Mountain View,Moffett Field,Moffett Field Nas,CA,Santa Clara County,America/Los_Angeles,650,37.41,-122.05,NA,US,0,0,
94037,PO BOX,Montara,,,CA,San Mateo County,America/Los_Angeles,650,37.54,-122.5,NA,US,0,2482,
94038,STANDARD,Moss Beach,,,CA,San Mateo County,America/Los_Angeles,650,37.51,-122.5,NA,US,0,2425,
94039,PO BOX,Mountain View,,,CA,Santa Clara County,America/Los_Angeles,650,37.39,-122.07,NA,US,0,688,
94040,STANDARD,Mountain View,,"Blossom Valley, Mt View",CA,Santa Clara County,America/Los_Angeles,"650,408",37.38,-122.08,NA,US,0,26205,
94041,STANDARD,Mountain View,,,CA,Santa Clara County,America/Los_Angeles,650,37.38,-122.07,NA,US,0,10999,
94042,PO BOX,Mountain View,,,CA,Santa Clara County,America/Los_Angeles,650,37.4,-122.08,NA,US,0,764,
94043,STANDARD,Mountain View,,,CA,Santa Clara County,America/Los_Angeles,"650,408",37.41,-122.05,NA,US,0,22824,
94044,STANDARD,Pacifica,,Sharp Park,CA,San Mateo County,America/Los_Angeles,"650,415",37.6,-122.45,NA,US,0,32334,
94060,STANDARD,Pescadero,,,CA,San Mateo County,America/Los_Angeles,650,37.2,-122.3,NA,US,0,1410,
94061,STANDARD,Redwood City,Woodside,,CA,San Mateo County,America/Los_Angeles,"650,415,408",37.46,-122.24,NA,US,0,27970,
94062,STANDARD,Redwood City,"Emerald Hills, Palomar Park, Woodside",,CA,San Mateo County,America/Los_Angeles,650,37.4,-122.29,NA,US,0,22552,
94063,STANDARD,Redwood City,,,CA,San Mateo County,America/Los_Angeles,650,37.49,-122.21,NA,US,0,21866,
94064,PO BOX,Redwood City,,,CA,San Mateo County,America/Los_Angeles,650,37.46,-122.25,NA,US,0,1200,
94065,STANDARD,Redwood City,,,CA,San Mateo County,America/Los_Angeles,650,37.53,-122.24,NA,US,0,10134,
94066,STANDARD,San Bruno,,,CA,San Mateo County,America/Los_Angeles,"650,415,408",37.62,-122.43,NA,US,0,35122,
94070,STANDARD,San Carlos,,,CA,San Mateo County,America/Los_Angeles,"650,310,415,949,510",37.49,-122.26,NA,US,0,26469,
94074,STANDARD,San Gregorio,,,CA,San Mateo County,America/Los_Angeles,650,37.33,-122.34,NA,US,0,0,
94080,STANDARD,South San Francisco,S San Fran,"S San Francisco, Ssf",CA,San Mateo County,America/Los_Angeles,"650,415,925",37.65,-122.42,NA,US,0,53242,
94083,PO BOX,South San Francisco,S San Fran,South San Francis,CA,San Mateo County,America/Los_Angeles,650,37.64,-122.41,NA,US,0,884,
94085,STANDARD,Sunnyvale,,,CA,Santa Clara County,America/Los_Angeles,"408,650,510",37.38,-122.01,NA,US,0,16831,
94086,STANDARD,Sunnyvale,,,CA,Santa Clara County,America/Los_Angeles,"408,650,510",37.36,-122.02,NA,US,0,37637,
94087,STANDARD,Sunnyvale,,,CA,Santa Clara County,America/Los_Angeles,"408,650,949",37.35,-122.03,NA,US,0,46300,
94088,PO BOX,Sunnyvale,Onizuka Afb,,CA,Santa Clara County,America/Los_Angeles,408,37.39,-122.03,NA,US,0,1427,
94089,STANDARD,Sunnyvale,,,CA,Santa Clara County,America/Los_Angeles,"408,650",37.42,-122,NA,US,0,16628,
94101,STANDARD,San Francisco,,,CA,San Francisco County,America/Los_Angeles,415,37.77,-122.41,NA,US,1,0,Converted Decommisioned Zipcodes
94102,STANDARD,San Francisco,,,CA,San Francisco County,America/Los_Angeles,"415,619,650,510",37.77,-122.41,NA,US,0,16733,
94103,STANDARD,San Francisco,,,CA,San Francisco County,America/Los_Angeles,"415,510,650,707",37.77,-122.41,NA,US,0,16260,
94104,STANDARD,San Francisco,,,CA,San Francisco County,America/Los_Angeles,"415,925,510,831,650,000",37.79,-122.4,NA,US,0,1959,
94105,STANDARD,San Francisco,,,CA,San Francisco County,America/Los_Angeles,"415,510,650,310",37.78,-122.39,NA,US,0,5271,
94106,UNIQUE,San Francisco,,Firm Holdouts,CA,San Francisco County,America/Los_Angeles,415,37.77,-122.41,NA,US,1,0,Converted Decommisioned Zipcodes
94107,STANDARD,San Francisco,,,CA,San Francisco County,America/Los_Angeles,"415,650,408,510",37.76,-122.39,NA,US,0,19741,
94108,STANDARD,San Francisco,,,CA,San Francisco County,America/Los_Angeles,"415,925,650,510",37.79,-122.4,NA,US,0,10020,
94109,STANDARD,San Francisco,,,CA,San Francisco County,America/Los_Angeles,"415,510,650",37.79,-122.42,NA,US,0,38763,
94110,STANDARD,San Francisco,,,CA,San Francisco County,America/Los_Angeles,"415,562",37.74,-122.41,NA,US,0,53093,
94111,STANDARD,San Francisco,,,CA,San Francisco County,America/Los_Angeles,"415,510,858,650",37.79,-122.39,NA,US,0,3905,
94112,STANDARD,San Francisco,,,CA,San Francisco County,America/Los_Angeles,"415,650",37.72,-122.44,NA,US,0,64941,
94114,STANDARD,San Francisco,,,CA,San Francisco County,America/Los_Angeles,"415,510,916",37.75,-122.43,NA,US,0,26380,
94115,STANDARD,San Francisco,,,CA,San Francisco County,America/Los_Angeles,"415,510",37.78,-122.43,NA,US,0,24064,
94116,STANDARD,San Francisco,,,CA,San Francisco County,America/Los_Angeles,415,37.74,-122.48,NA,US,0,37668,
94117,STANDARD,San Francisco,,,CA,San Francisco County,America/Los_Angeles,"415,510",37.76,-122.44,NA,US,0,27878,
94118,STANDARD,San Francisco,,,CA,San Francisco County,America/Los_Angeles,"415,510",37.78,-122.46,NA,US,0,30630,
94119,PO BOX,San Francisco,,,CA,San Francisco County,America/Los_Angeles,415,37.78,-122.45,NA,US,0,1798,
94120,PO BOX,San Francisco,,,CA,San Francisco County,America/Los_Angeles,415,37.79,-122.4,NA,US,0,0,
94121,STANDARD,San Francisco,,,CA,San Francisco County,America/Los_Angeles,"415,858",37.77,-122.49,NA,US,0,34786,
94122,STANDARD,San Francisco,,,CA,San Francisco County,America/Los_Angeles,"415,619",37.76,-122.48,NA,US,0,46850,
94123,STANDARD,San Francisco,,,CA,San Francisco County,America/Los_Angeles,"415,707",37.8,-122.43,NA,US,0,19132,
94124,STANDARD,San Francisco,,,CA,San Francisco County,America/Los_Angeles,"415,510",37.73,-122.38,NA,US,0,24380,
94125,PO BOX,San Francisco,,,CA,San Francisco County,America/Los_Angeles,415,37.73,-122.38,NA,US,0,0,
94126,PO BOX,San Francisco,,,CA,San Francisco County,America/Los_Angeles,415,37.79,-122.39,NA,US,0,476,
94127,STANDARD,San Francisco,,,CA,San Francisco County,America/Los_Angeles,"415,650",37.73,-122.45,NA,US,0,17250,
94128,STANDARD,San Francisco,,San Francisco Intnl Airport,CA,San Francisco County,America/Los_Angeles,650,37.61,-122.38,NA,US,0,683,
94129,STANDARD,San Francisco,,Presidio,CA,San Francisco County,America/Los_Angeles,415,37.79,-122.46,NA,US,0,2542,
94130,STANDARD,San Francisco,,,CA,San Francisco County,America/Los_Angeles,415,37.81,-122.36,NA,US,0,1387,
94131,STANDARD,San Francisco,,,CA,San Francisco County,America/Los_Angeles,"415,650",37.74,-122.44,NA,US,0,22759,
94132,STANDARD,San Francisco,,,CA,San Francisco County,America/Los_Angeles,415,37.72,-122.48,NA,US,0,19425,
94133,STANDARD,San Francisco,,,CA,San Francisco County,America/Los_Angeles,"415,925,408",37.8,-122.41,NA,US,0,20583,
94134,STANDARD,San Francisco,,,CA,San Francisco County,America/Los_Angeles,"510,415",37.72,-122.41,NA,US,0,32983,
94135,UNIQUE,San Francisco,,Express Mail Reporting Syste,CA,San Francisco County,America/Los_Angeles,415,37.77,-122.41,NA,US,1,0,Converted Decommisioned Zipcodes
94136,UNIQUE,San Francisco,,Selective Service,CA,San Francisco County,America/Los_Angeles,415,37.77,-122.41,NA,US,1,0,Converted Decommisioned Zipcodes
94137,UNIQUE,San Francisco,,Bank Of America,CA,San Francisco County,America/Los_Angeles,415,37.79,-122.4,NA,US,0,0,
94138,UNIQUE,San Francisco,,Wells Fargo Bank,CA,San Francisco County,America/Los_Angeles,415,37.79,-122.4,NA,US,1,0,Converted Decommisioned Zipcodes
94139,UNIQUE,San Francisco,,"First Interstate Bank, Wells Fargo Bank",CA,San Francisco County,America/Los_Angeles,415,37.79,-122.4,NA,US,0,0,
94140,PO BOX,San Francisco,,,CA,San Francisco County,America/Los_Angeles,415,37.75,-122.41,NA,US,0,625,
94141,PO BOX,San Francisco,,,CA,San Francisco County,America/Los_Angeles,415,37.76,-122.41,NA,US,0,414,
94142,PO BOX,San Francisco,,,CA,San Francisco County,America/Los_Angeles,415,37.78,-122.41,NA,US,0,1208,
94143,UNIQUE,San Francisco,,Ucsf,CA,San Francisco County,America/Los_Angeles,415,37.76,-122.45,NA,US,0,0,
94144,UNIQUE,San Francisco,,Wells Fargo Bank,CA,San Francisco County,America/Los_Angeles,415,37.78,-122.46,NA,US,0,0,
94145,UNIQUE,San Francisco,,Union Bank Of California,CA,San Francisco County,America/Los_Angeles,415,37.79,-122.4,NA,US,0,0,
94146,PO BOX,San Francisco,,,CA,San Francisco County,America/Los_Angeles,415,37.75,-122.43,NA,US,0,0,
94147,PO BOX,San Francisco,,,CA,San Francisco County,America/Los_Angeles,415,37.8,-122.43,NA,US,0,565,
94150,UNIQUE,San Francisco,,Union Oil Co Of Cal,CA,San Francisco County,America/Los_Angeles,415,37.77,-122.41,NA,US,1,0,Converted Decommisioned Zipcodes
94151,UNIQUE,San Francisco,,"Irs, Irs Remittance",CA,San Francisco County,America/Los_Angeles,415,37.79,-122.39,NA,US,0,0,
94152,UNIQUE,San Francisco,,Pacific Gas & Electric,CA,San Francisco County,America/Los_Angeles,415,37.77,-122.41,NA,US,1,0,Converted Decommisioned Zipcodes
94153,UNIQUE,San Francisco,,Wells Fargo Bank,CA,San Francisco County,America/Los_Angeles,415,37.77,-122.41,NA,US,0,0,
94154,UNIQUE,San Francisco,,Bank Of America,CA,San Francisco County,America/Los_Angeles,415,37.77,-122.41,NA,US,0,0,
94155,UNIQUE,San Francisco,,Macys Of California,CA,San Francisco County,America/Los_Angeles,415,37.77,-122.41,NA,US,1,0,Converted Decommisioned Zipcodes
94156,UNIQUE,San Francisco,,Wells Fargo Bank,CA,San Francisco County,America/Los_Angeles,415,37.78,-122.4,NA,US,0,0,
94158,STANDARD,San Francisco,,,CA,San Francisco County,America/Los_Angeles,415,37.76,-122.39,NA,US,0,2706,"no NWS data, "
94159,PO BOX,San Francisco,,,CA,San Francisco County,America/Los_Angeles,415,37.78,-122.45,NA,US,0,479,
94160,UNIQUE,San Francisco,,Bank Of America,CA,San Francisco County,America/Los_Angeles,415,37.71,-122.4,NA,US,0,0,
94161,UNIQUE,San Francisco,,Bank Of America,CA,San Francisco County,America/Los_Angeles,415,37.79,-122.4,NA,US,0,0,
94162,UNIQUE,San Francisco,,Wells Fargo Bank,CA,San Francisco County,America/Los_Angeles,415,37.78,-122.4,NA,US,0,0,
94163,UNIQUE,San Francisco,,Wells Fargo Bank,CA,San Francisco County,America/Los_Angeles,415,37.78,-122.4,NA,US,0,0,
94164,PO BOX,San Francisco,,,CA,San Francisco County,America/Los_Angeles,415,37.78,-122.42,NA,US,0,467,
94171,UNIQUE,San Francisco,,AT & T,CA,San Francisco County,America/Los_Angeles,415,37.77,-122.41,NA,US,0,0,
94172,PO BOX,San Francisco,,,CA,San Francisco County,America/Los_Angeles,415,37.76,-122.48,NA,US,0,0,
94175,UNIQUE,San Francisco,,Us Bureau Of The Mint,CA,San Francisco County,America/Los_Angeles,415,37.77,-122.41,NA,US,1,0,Converted Decommisioned Zipcodes
94177,UNIQUE,San Francisco,,Pg&e,CA,San Francisco County,America/Los_Angeles,415,37.79,-122.39,NA,US,0,0,
94188,PO BOX,San Francisco,,,CA,San Francisco County,America/Los_Angeles,415,37.74,-122.38,NA,US,0,787,
94199,UNIQUE,San Francisco,Pacific Area Office,,CA,San Francisco County,America/Los_Angeles,415,37.77,-122.41,NA,US,1,0,Converted Decommisioned Zipcodes;  Historical ZipCodeType from various website;  Historical ZipCodeType from various website
94301,STANDARD,Palo Alto,,,CA,Santa Clara County,America/Los_Angeles,"650,510,415",37.44,-122.15,NA,US,0,14401,
94302,PO BOX,Palo Alto,,,CA,Santa Clara County,America/Los_Angeles,"650,310",37.44,-122.15,NA,US,0,645,
94303,STANDARD,Palo Alto,"E Palo Alto, East Palo Alto",,CA,Santa Clara County,America/Los_Angeles,"650,408",37.45,-122.1,NA,US,0,34099,
94304,STANDARD,Palo Alto,,,CA,Santa Clara County,America/Los_Angeles,650,37.37,-122.18,NA,US,0,2781,
94305,STANDARD,Stanford,Palo Alto,,CA,Santa Clara County,America/Los_Angeles,650,37.41,-122.17,NA,US,0,5084,
94306,STANDARD,Palo Alto,,,CA,Santa Clara County,America/Los_Angeles,"650,408",37.41,-122.13,NA,US,0,22810,
94309,PO BOX,Palo Alto,Stanford,,CA,Santa Clara County,America/Los_Angeles,650,37.41,-122.16,NA,US,0,946,
94401,STANDARD,San Mateo,,,CA,San Mateo County,America/Los_Angeles,"650,619,415",37.57,-122.32,NA,US,0,25273,
94402,STANDARD,San Mateo,,,CA,San Mateo County,America/Los_Angeles,650,37.52,-122.35,NA,US,0,21898,
94403,STANDARD,San Mateo,,,CA,San Mateo County,America/Los_Angeles,"650,408,415",37.54,-122.3,NA,US,0,33305,
94404,STANDARD,San Mateo,Foster City,,CA,San Mateo County,America/Los_Angeles,"415,650,408",37.55,-122.26,NA,US,0,29611,
94497,UNIQUE,San Mateo,,Postal Data Center,CA,San Mateo County,America/Los_Angeles,650,37.56,-122.32,NA,US,0,0,
94501,STANDARD,Alameda,,Alameda Pt,CA,Alameda County,America/Los_Angeles,"510,415",37.77,-122.27,NA,US,0,48387,
94502,STANDARD,Alameda,,,CA,Alameda County,America/Los_Angeles,510,37.73,-122.24,NA,US,0,12235,
94503,STANDARD,American Canyon,"American Cyn, Vallejo",,CA,Napa County,America/Los_Angeles,707,38.18,-122.25,NA,US,0,15188,
94505,STANDARD,Discovery Bay,Byron,,CA,Contra Costa County,America/Los_Angeles,,37.86,-121.64,NA,US,0,9925,
94506,STANDARD,Danville,Blackhawk,,CA,Contra Costa County,America/Los_Angeles,"925,510",37.78,-121.88,NA,US,0,20743,
94507,STANDARD,Alamo,,,CA,Contra Costa County,America/Los_Angeles,"510,925",37.84,-121.97,NA,US,0,14041,
94508,STANDARD,Angwin,,,CA,Napa County,America/Los_Angeles,707,38.57,-122.44,NA,US,0,2362,
94509,STANDARD,Antioch,,,CA,Contra Costa County,America/Los_Angeles,"510,925",37.99,-121.81,NA,US,0,45524,
94510,STANDARD,Benicia,,,CA,Solano County,America/Los_Angeles,"707,858,415,510,925",38.11,-122.13,NA,US,0,23802,
94511,PO BOX,Bethel Island,,,CA,Contra Costa County,America/Los_Angeles,925,38.07,-121.62,NA,US,0,1583,
94512,STANDARD,Birds Landing,,Suisun City,CA,Solano County,America/Los_Angeles,707,38.12,-121.81,NA,US,0,0,
94513,STANDARD,Brentwood,,,CA,Contra Costa County,America/Los_Angeles,"925,916",37.87,-121.68,NA,US,0,42684,
94514,STANDARD,Byron,Discovery Bay,,CA,Contra Costa County,America/Los_Angeles,925,37.85,-121.62,NA,US,0,1729,
94515,STANDARD,Calistoga,,,CA,Napa County,America/Los_Angeles,707,38.62,-122.61,NA,US,0,5845,
94516,PO BOX,Canyon,,,CA,Contra Costa County,America/Los_Angeles,,37.82,-122.16,NA,US,0,0,
94517,STANDARD,Clayton,,,CA,Contra Costa County,America/Los_Angeles,925,37.88,-121.84,NA,US,0,11352,
94518,STANDARD,Concord,,,CA,Contra Costa County,America/Los_Angeles,"925,510",37.95,-122.02,NA,US,0,21464,
94519,STANDARD,Concord,,,CA,Contra Costa County,America/Los_Angeles,"510,925",37.99,-122,NA,US,0,14804,
94520,STANDARD,Concord,,Clyde,CA,Contra Costa County,America/Los_Angeles,"510,925,707,415,209",38,-122.03,NA,US,0,26131,
94521,STANDARD,Concord,,,CA,Contra Costa County,America/Los_Angeles,"925,510",37.97,-121.96,NA,US,0,34763,
94522,PO BOX,Concord,,,CA,Contra Costa County,America/Los_Angeles,925,38.01,-122.02,NA,US,0,498,
94523,STANDARD,Pleasant Hill,Concord,,CA,Contra Costa County,America/Los_Angeles,"925,707",37.95,-122.07,NA,US,0,27947,
94524,PO BOX,Concord,,,CA,Contra Costa County,America/Los_Angeles,925,37.97,-122.05,NA,US,0,720,
94525,STANDARD,Crockett,,,CA,Contra Costa County,America/Los_Angeles,510,38.04,-122.23,NA,US,0,2510,
94526,STANDARD,Danville,,,CA,Contra Costa County,America/Los_Angeles,"925,510",37.81,-121.97,NA,US,0,28860,
94527,PO BOX,Concord,,,CA,Contra Costa County,America/Los_Angeles,925,37.97,-122.05,NA,US,0,0,
94528,PO BOX,Diablo,,,CA,Contra Costa County,America/Los_Angeles,925,37.83,-121.95,NA,US,0,1028,
94529,UNIQUE,Concord,,"Chevron, Chevron Usa Inc",CA,Contra Costa County,America/Los_Angeles,925,37.87,-122.04,NA,US,0,0,
94530,STANDARD,El Cerrito,,,CA,Contra Costa County,America/Los_Angeles,510,37.91,-122.3,NA,US,0,21140,
94531,STANDARD,Antioch,,,CA,Contra Costa County,America/Los_Angeles,"510,925,408",37.96,-121.76,NA,US,0,31488,
94533,STANDARD,Fairfield,,,CA,Solano County,America/Los_Angeles,"510,707",38.28,-122,NA,US,0,51145,
94534,STANDARD,Fairfield,Suisun City,,CA,Solano County,America/Los_Angeles,707,38.23,-122.12,NA,US,0,30105,
94535,STANDARD,Travis Afb,Fairfield,,CA,Solano County,America/Los_Angeles,707,38.26,-121.93,NA,US,0,4193,
94536,STANDARD,Fremont,,,CA,Alameda County,America/Los_Angeles,"510,408,925",37.56,-121.98,NA,US,0,55569,
94537,PO BOX,Fremont,,,CA,Alameda County,America/Los_Angeles,510,37.55,-122.01,NA,US,0,960,
94538,STANDARD,Fremont,,,CA,Alameda County,America/Los_Angeles,"510,707,408,925",37.5,-121.96,NA,US,0,49149,
94539,STANDARD,Fremont,,,CA,Alameda County,America/Los_Angeles,"510,650,415,925,209,000",37.51,-121.89,NA,US,0,44440,
94540,PO BOX,Hayward,,,CA,Alameda County,America/Los_Angeles,510,37.65,-122.09,NA,US,0,819,
94541,STANDARD,Hayward,,,CA,Alameda County,America/Los_Angeles,"510,925",37.67,-122.08,NA,US,0,44424,
94542,STANDARD,Hayward,,,CA,Alameda County,America/Los_Angeles,510,37.65,-122.04,NA,US,0,9246,
94543,PO BOX,Hayward,,,CA,Alameda County,America/Los_Angeles,510,37.67,-122.08,NA,US,0,0,
94544,STANDARD,Hayward,,,CA,Alameda County,America/Los_Angeles,"510,209,415,925",37.63,-122.04,NA,US,0,55190,
94545,STANDARD,Hayward,,,CA,Alameda County,America/Los_Angeles,"510,415,650",37.62,-122.11,NA,US,0,24681,
94546,STANDARD,Castro Valley,Hayward,,CA,Alameda County,America/Los_Angeles,"510,925",37.7,-122.08,NA,US,0,35351,
94547,STANDARD,Hercules,Rodeo,,CA,Contra Costa County,America/Los_Angeles,"510,707",38.01,-122.25,NA,US,0,20527,
94548,PO BOX,Knightsen,,,CA,Contra Costa County,America/Los_Angeles,,37.97,-121.65,NA,US,0,754,
94549,STANDARD,Lafayette,,,CA,Contra Costa County,America/Los_Angeles,"925,510,707",37.9,-122.11,NA,US,0,24865,
94550,STANDARD,Livermore,,,CA,Alameda County,America/Los_Angeles,"925,408,510,415,619",37.68,-121.75,NA,US,0,40153,
94551,STANDARD,Livermore,,,CA,Alameda County,America/Los_Angeles,925,37.77,-121.75,NA,US,0,32376,
94552,STANDARD,Castro Valley,Hayward,,CA,Alameda County,America/Los_Angeles,510,37.69,-122.01,NA,US,0,13039,
94553,STANDARD,Martinez,"Briones, Pacheco",,CA,Contra Costa County,America/Los_Angeles,"510,925",37.98,-122.15,NA,US,0,38654,
94555,STANDARD,Fremont,,,CA,Alameda County,America/Los_Angeles,510,37.55,-122.07,NA,US,0,28222,
94556,STANDARD,Moraga,,,CA,Contra Costa County,America/Los_Angeles,"707,925,949",37.83,-122.1,NA,US,0,13735,
94557,PO BOX,Hayward,Mount Eden,,CA,Alameda County,America/Los_Angeles,510,37.62,-122.1,NA,US,0,0,
94558,STANDARD,Napa,Spanish Flat,,CA,Napa County,America/Los_Angeles,707,38.55,-122.15,NA,US,0,54496,
94559,STANDARD,Napa,,,CA,Napa County,America/Los_Angeles,"707,510",38.23,-122.29,NA,US,0,21017,
94560,STANDARD,Newark,,,CA,Alameda County,America/Los_Angeles,"510,707,408",37.51,-122.04,NA,US,0,35570,
94561,STANDARD,Oakley,,,CA,Contra Costa County,America/Los_Angeles,925,37.99,-121.68,NA,US,0,27185,
94562,PO BOX,Oakville,,,CA,Napa County,America/Los_Angeles,707,38.42,-122.4,NA,US,0,0,
94563,STANDARD,Orinda,,,CA,Contra Costa County,America/Los_Angeles,"925,510",37.89,-122.19,NA,US,0,17132,
94564,STANDARD,Pinole,,,CA,Contra Costa County,America/Los_Angeles,510,37.99,-122.27,NA,US,0,15898,
94565,STANDARD,Pittsburg,Bay Point,"Port Chicago, West Pittsburg",CA,Contra Costa County,America/Los_Angeles,"925,510,415",38,-121.83,NA,US,0,61968,
94566,STANDARD,Pleasanton,,,CA,Alameda County,America/Los_Angeles,925,37.65,-121.85,NA,US,0,37329,
94567,STANDARD,Pope Valley,,,CA,Napa County,America/Los_Angeles,707,38.67,-122.44,NA,US,0,537,
94568,STANDARD,Dublin,Pleasanton,,CA,Alameda County,America/Los_Angeles,"925,510,831",37.71,-121.91,NA,US,0,34457,
94569,PO BOX,Port Costa,,,CA,Contra Costa County,America/Los_Angeles,510,38.03,-122.19,NA,US,0,0,
94570,PO BOX,Moraga,,,CA,Contra Costa County,America/Los_Angeles,925,38.11,-122.13,NA,US,0,0,
94571,STANDARD,Rio Vista,,,CA,Solano County,America/Los_Angeles,"707,510,916",38.18,-121.73,NA,US,0,6699,
94572,STANDARD,Rodeo,,,CA,Contra Costa County,America/Los_Angeles,510,38.03,-122.23,NA,US,0,6725,
94573,PO BOX,Rutherford,,,CA,Napa County,America/Los_Angeles,707,38.45,-122.41,NA,US,0,771,
94574,STANDARD,Saint Helena,,,CA,Napa County,America/Los_Angeles,707,38.55,-122.39,NA,US,0,7143,
94575,PO BOX,Moraga,,,CA,Contra Costa County,America/Los_Angeles,925,37.84,-122.12,NA,US,0,0,
94576,STANDARD,Deer Park,Angwin,,CA,Napa County,America/Los_Angeles,707,38.55,-122.47,NA,US,0,0,
94577,STANDARD,San Leandro,,,CA,Alameda County,America/Los_Angeles,"510,925,858,949",37.71,-122.16,NA,US,0,37421,
94578,STANDARD,San Leandro,,,CA,Alameda County,America/Los_Angeles,510,37.7,-122.12,NA,US,0,28085,
94579,STANDARD,San Leandro,,,CA,Alameda County,America/Los_Angeles,510,37.68,-122.15,NA,US,0,17524,
94580,STANDARD,San Lorenzo,,,CA,Alameda County,America/Los_Angeles,510,37.68,-122.13,NA,US,0,22564,
94581,PO BOX,Napa,,,CA,Napa County,America/Los_Angeles,707,38.29,-122.28,NA,US,0,1475,
94582,STANDARD,San Ramon,,,CA,Contra Costa County,America/Los_Angeles,925,37.76,-121.93,NA,US,0,29033,
94583,STANDARD,San Ramon,,,CA,Contra Costa County,America/Los_Angeles,"925,510,415,707",37.78,-121.99,NA,US,0,40007,
94585,STANDARD,Suisun City,Birds Lndg,,CA,Solano County,America/Los_Angeles,"707,925",38.16,-121.93,NA,US,0,22796,
94586,STANDARD,Sunol,,,CA,Alameda County,America/Los_Angeles,925,37.56,-121.84,NA,US,0,937,
94587,STANDARD,Union City,,,CA,Alameda County,America/Los_Angeles,"510,310,925,408,916",37.59,-122.06,NA,US,0,57184,
94588,STANDARD,Pleasanton,,,CA,Alameda County,America/Los_Angeles,"925,510",37.67,-121.93,NA,US,0,28137,
94589,STANDARD,Vallejo,"American Canyon, American Cyn",,CA,Solano County,America/Los_Angeles,707,38.13,-122.25,NA,US,0,22142,
94590,STANDARD,Vallejo,,,CA,Solano County,America/Los_Angeles,"707,510",38.09,-122.25,NA,US,0,25368,
94591,STANDARD,Vallejo,,,CA,Solano County,America/Los_Angeles,"707,916,510",38.11,-122.2,NA,US,0,42764,
94592,STANDARD,Vallejo,,Mare Island,CA,Solano County,America/Los_Angeles,707,38.11,-122.29,NA,US,0,553,
94595,STANDARD,Walnut Creek,,,CA,Contra Costa County,America/Los_Angeles,"510,925,415,707",37.86,-122.07,NA,US,0,14774,
94596,STANDARD,Walnut Creek,,Lafayette,CA,Contra Costa County,America/Los_Angeles,"510,925,415,619",37.89,-122.03,NA,US,0,18125,
94597,STANDARD,Walnut Creek,,,CA,Contra Costa County,America/Los_Angeles,925,37.91,-122.07,NA,US,0,16977,
94598,STANDARD,Walnut Creek,,,CA,Contra Costa County,America/Los_Angeles,"925,510,707",37.91,-122.01,NA,US,0,23862,
94599,STANDARD,Yountville,,,CA,Napa County,America/Los_Angeles,707,38.41,-122.36,NA,US,0,2713,
94601,STANDARD,Oakland,,,CA,Alameda County,America/Los_Angeles,"510,415,408",37.77,-122.21,NA,US,0,33456,
94602,STANDARD,Oakland,Piedmont,,CA,Alameda County,America/Los_Angeles,510,37.8,-122.21,NA,US,0,22480,
94603,STANDARD,Oakland,,,CA,Alameda County,America/Los_Angeles,"510,925",37.73,-122.17,NA,US,0,21407,
94604,PO BOX,Oakland,,,CA,Alameda County,America/Los_Angeles,510,37.8,-122.26,NA,US,0,1423,
94605,STANDARD,Oakland,,,CA,Alameda County,America/Los_Angeles,510,37.75,-122.13,NA,US,0,28141,
94606,STANDARD,Oakland,,,CA,Alameda County,America/Los_Angeles,510,37.78,-122.24,NA,US,0,25875,
94607,STANDARD,Oakland,,,CA,Alameda County,America/Los_Angeles,"510,559,415,925,650",37.81,-122.3,NA,US,0,14897,
94608,STANDARD,Emeryville,Oakland,,CA,Alameda County,America/Los_Angeles,"510,415",37.83,-122.29,NA,US,0,18425,
94609,STANDARD,Oakland,,,CA,Alameda County,America/Los_Angeles,"510,415",37.83,-122.26,NA,US,0,14227,
94610,STANDARD,Oakland,Piedmont,Piedmontxxx,CA,Alameda County,America/Los_Angeles,"510,415",37.81,-122.24,NA,US,0,24162,
94611,STANDARD,Oakland,Piedmont,Piedmontxxx,CA,Alameda County,America/Los_Angeles,"510,415",37.83,-122.22,NA,US,0,32155,
94612,STANDARD,Oakland,,Philatelic Center,CA,Alameda County,America/Los_Angeles,"510,415,925",37.8,-122.27,NA,US,0,8710,
94613,PO BOX,Oakland,,,CA,Alameda County,America/Los_Angeles,510,37.78,-122.18,NA,US,0,0,
94614,PO BOX,Oakland,,,CA,Alameda County,America/Los_Angeles,510,37.72,-122.2,NA,US,0,0,
94615,STANDARD,Oakland,,,CA,Alameda County,America/Los_Angeles,"415,510,925",37.8,-122.29,NA,US,0,0,
94617,STANDARD,Oakland,,,CA,Alameda County,America/Los_Angeles,"415,510,650",37.75,-122.14,NA,US,0,0,
94618,STANDARD,Oakland,Piedmont,,CA,Alameda County,America/Los_Angeles,510,37.84,-122.23,NA,US,0,13888,
94619,STANDARD,Oakland,,,CA,Alameda County,America/Los_Angeles,510,37.78,-122.12,NA,US,0,18775,
94620,PO BOX,Piedmont,Oakland,,CA,Alameda County,America/Los_Angeles,510,37.77,-122.21,NA,US,0,474,
94621,STANDARD,Oakland,,,CA,Alameda County,America/Los_Angeles,"510,925",37.73,-122.2,NA,US,0,18680,
94622,UNIQUE,Oakland,,Oakland Intrntl Service Ctr,CA,Alameda County,America/Los_Angeles,510,37.74,-122.19,NA,US,0,0,"no NWS data, "
94623,PO BOX,Oakland,,,CA,Alameda County,America/Los_Angeles,510,37.8,-122.29,NA,US,0,420,
94624,PO BOX,Oakland,,,CA,Alameda County,America/Los_Angeles,510,37.74,-122.17,NA,US,0,0,
94625,UNIQUE,Oakland,,Naval Supply Center,CA,Alameda County,America/Los_Angeles,510,37.8,-122.31,NA,US,1,0,Converted Decommisioned Zipcodes
94649,UNIQUE,Oakland,,Ebmud,CA,Alameda County,America/Los_Angeles,510,37.8,-122.26,NA,US,0,0,
94659,UNIQUE,Oakland,,Blue Cross,CA,Alameda County,America/Los_Angeles,510,37.81,-122.26,NA,US,0,0,
94660,UNIQUE,Oakland,,Safeway Stores,CA,Alameda County,America/Los_Angeles,510,37.79,-122.27,NA,US,0,0,
94661,PO BOX,Oakland,,,CA,Alameda County,America/Los_Angeles,510,37.82,-122.2,NA,US,0,0,
94662,PO BOX,Emeryville,Oakland,,CA,Alameda County,America/Los_Angeles,510,37.84,-122.29,NA,US,0,557,
94666,UNIQUE,Oakland,,Kaiser Services,CA,Alameda County,America/Los_Angeles,510,37.8,-122.26,NA,US,0,0,
94701,PO BOX,Berkeley,,,CA,Alameda County,America/Los_Angeles,510,37.86,-122.27,NA,US,0,359,
94702,STANDARD,Berkeley,,,CA,Alameda County,America/Los_Angeles,510,37.86,-122.28,NA,US,0,12254,
94703,STANDARD,Berkeley,,,CA,Alameda County,America/Los_Angeles,"510,415",37.86,-122.27,NA,US,0,13904,
94704,STANDARD,Berkeley,,,CA,Alameda County,America/Los_Angeles,"510,415",37.86,-122.25,NA,US,0,6826,
94705,STANDARD,Berkeley,,,CA,Alameda County,America/Los_Angeles,510,37.86,-122.24,NA,US,0,10879,
94706,STANDARD,Albany,"Berkeley, Kensington",,CA,Alameda County,America/Los_Angeles,510,37.88,-122.29,NA,US,0,15637,
94707,STANDARD,Berkeley,"Albany, Kensington",,CA,Alameda County,America/Los_Angeles,510,37.9,-122.28,NA,US,0,11820,
94708,STANDARD,Berkeley,Kensington,,CA,Alameda County,America/Los_Angeles,"831,510",37.9,-122.26,NA,US,0,10062,
94709,STANDARD,Berkeley,,,CA,Alameda County,America/Los_Angeles,510,37.87,-122.26,NA,US,0,6899,
94710,STANDARD,Berkeley,Albany,,CA,Alameda County,America/Los_Angeles,"510,650,408,925",37.87,-122.3,NA,US,0,5142,
94712,PO BOX,Berkeley,,,CA,Alameda County,America/Los_Angeles,510,37.86,-122.26,NA,US,0,0,
94720,UNIQUE,Berkeley,Uc Berkeley,U C Berkeley,CA,Alameda County,America/Los_Angeles,510,37.86,-122.25,NA,US,0,536,
94801,STANDARD,Richmond,"N Richmond, North Richmond, Point Richmond, Pt Richmond",,CA,Contra Costa County,America/Los_Angeles,510,37.96,-122.38,NA,US,0,18180,
94802,PO BOX,Richmond,,,CA,Contra Costa County,America/Los_Angeles,510,37.93,-122.35,NA,US,0,573,
94803,STANDARD,El Sobrante,"Richmond, San Pablo",,CA,Contra Costa County,America/Los_Angeles,510,37.95,-122.26,NA,US,0,20102,
94804,STANDARD,Richmond,,,CA,Contra Costa County,America/Los_Angeles,"415,510",37.92,-122.34,NA,US,0,26686,
94805,STANDARD,Richmond,,San Pablo,CA,Contra Costa County,America/Los_Angeles,510,37.94,-122.31,NA,US,0,10551,
94806,STANDARD,San Pablo,"Hilltop Mall, Richmond",Tara Hills,CA,Contra Costa County,America/Los_Angeles,"510,310",37.98,-122.33,NA,US,0,43290,
94807,PO BOX,Richmond,,,CA,Contra Costa County,America/Los_Angeles,510,37.92,-122.35,NA,US,0,0,
94808,PO BOX,Richmond,,,CA,Contra Costa County,America/Los_Angeles,510,37.93,-122.34,NA,US,0,0,
94820,PO BOX,El Sobrante,Richmond,,CA,Contra Costa County,America/Los_Angeles,510,37.97,-122.29,NA,US,0,661,
94850,STANDARD,Richmond,,,CA,Contra Costa County,America/Los_Angeles,510,37.94,-122.38,NA,US,0,0,
94901,STANDARD,San Rafael,San Anselmo,,CA,Marin County,America/Los_Angeles,415,37.97,-122.5,NA,US,0,33561,
94903,STANDARD,San Rafael,,"Marinwood, Santa Venetia, Terra Linda",CA,Marin County,America/Los_Angeles,415,38.02,-122.54,NA,US,0,23974,
94904,STANDARD,Greenbrae,Kentfield,"Kent Woodlands, San Rafael",CA,Marin County,America/Los_Angeles,415,37.94,-122.56,NA,US,0,10158,
94912,PO BOX,San Rafael,,,CA,Marin County,America/Los_Angeles,415,37.97,-122.5,NA,US,0,1403,
94913,PO BOX,San Rafael,,,CA,Marin County,America/Los_Angeles,415,38.02,-122.54,NA,US,0,0,
94914,PO BOX,Kentfield,,"Greenbrae, San Rafael",CA,Marin County,America/Los_Angeles,415,37.94,-122.53,NA,US,0,0,
94915,PO BOX,San Rafael,,Mission Rafael,CA,Marin County,America/Los_Angeles,415,37.95,-122.5,NA,US,0,710,
94920,STANDARD,Belvedere Tiburon,"Bel Tiburon, Belvedere, Tiburon",,CA,Marin County,America/Los_Angeles,415,37.89,-122.47,NA,US,0,10900,
94922,STANDARD,Bodega,,,CA,Sonoma County,America/Los_Angeles,707,38.33,-122.97,NA,US,0,0,
94923,STANDARD,Bodega Bay,,Salmon Creek,CA,Sonoma County,America/Los_Angeles,707,38.35,-123.06,NA,US,0,1169,
94924,STANDARD,Bolinas,,,CA,Marin County,America/Los_Angeles,415,37.94,-122.73,NA,US,0,1151,
94925,STANDARD,Corte Madera,,,CA,Marin County,America/Los_Angeles,"415,510,925",37.92,-122.51,NA,US,0,8134,
94926,UNIQUE,Rohnert Park,Cotati,State Farm Insurance,CA,Sonoma County,America/Los_Angeles,707,38.32,-122.7,NA,US,0,0,
94927,PO BOX,Rohnert Park,Cotati,,CA,Sonoma County,America/Los_Angeles,707,38.34,-122.69,NA,US,0,678,
94928,STANDARD,Rohnert Park,Cotati,,CA,Sonoma County,America/Los_Angeles,707,38.34,-122.7,NA,US,0,30371,
94929,PO BOX,Dillon Beach,,,CA,Marin County,America/Los_Angeles,"707,415",38.24,-122.95,NA,US,0,0,
94930,STANDARD,Fairfax,,,CA,Marin County,America/Los_Angeles,415,37.98,-122.6,NA,US,0,6948,
94931,STANDARD,Cotati,,,CA,Sonoma County,America/Los_Angeles,707,38.31,-122.7,NA,US,0,7260,
94933,PO BOX,Forest Knolls,,,CA,Marin County,America/Los_Angeles,415,38.01,-122.69,NA,US,0,771,
94937,STANDARD,Inverness,,,CA,Marin County,America/Los_Angeles,415,38.11,-122.92,NA,US,0,867,
94938,PO BOX,Lagunitas,,,CA,Marin County,America/Los_Angeles,415,38.03,-122.7,NA,US,0,479,
94939,STANDARD,Larkspur,,,CA,Marin County,America/Los_Angeles,"415,925",37.93,-122.53,NA,US,0,5652,
94940,STANDARD,Marshall,,,CA,Marin County,America/Los_Angeles,415,38.16,-122.84,NA,US,0,0,
94941,STANDARD,Mill Valley,,"Muir Woods, Strawberry Point, Tamalpais Valley",CA,Marin County,America/Los_Angeles,"415,510",37.89,-122.56,NA,US,0,25742,
94942,PO BOX,Mill Valley,,,CA,Marin County,America/Los_Angeles,415,37.9,-122.52,NA,US,0,977,
94945,STANDARD,Novato,,"Black Point, San Marin",CA,Marin County,America/Los_Angeles,415,38.13,-122.56,NA,US,0,14293,
94946,STANDARD,Nicasio,,,CA,Marin County,America/Los_Angeles,415,38.07,-122.68,NA,US,0,551,
94947,STANDARD,Novato,,,CA,Marin County,America/Los_Angeles,"415,707,408",38.1,-122.63,NA,US,0,19940,
94948,PO BOX,Novato,,,CA,Marin County,America/Los_Angeles,415,38.13,-122.56,NA,US,0,1474,
94949,STANDARD,Novato,,"Bel Marin Keyes, Ignacio",CA,Marin County,America/Los_Angeles,"415,650",38.06,-122.54,NA,US,0,14246,
94950,PO BOX,Olema,,,CA,Marin County,America/Los_Angeles,415,38.02,-122.75,NA,US,0,0,
94951,STANDARD,Penngrove,,,CA,Sonoma County,America/Los_Angeles,707,38.31,-122.64,NA,US,0,3579,
94952,STANDARD,Petaluma,,"Bloomfield, Fallon, Lakeville, Two Rock Ranch Sta",CA,Sonoma County,America/Los_Angeles,"707,415",38.21,-122.76,NA,US,0,25794,
94953,PO BOX,Petaluma,,,CA,Sonoma County,America/Los_Angeles,707,38.26,-122.63,NA,US,0,788,
94954,STANDARD,Petaluma,,,CA,Sonoma County,America/Los_Angeles,707,38.23,-122.56,NA,US,0,31071,
94955,PO BOX,Petaluma,,,CA,Sonoma County,America/Los_Angeles,707,38.22,-122.55,NA,US,0,564,
94956,STANDARD,Point Reyes Station,Pt Reyes Sta,,CA,Marin County,America/Los_Angeles,415,38.07,-122.86,NA,US,0,1406,
94957,PO BOX,Ross,,,CA,Marin County,America/Los_Angeles,415,37.96,-122.55,NA,US,0,2219,
94960,STANDARD,San Anselmo,,,CA,Marin County,America/Los_Angeles,415,37.99,-122.58,NA,US,0,12561,
94963,PO BOX,San Geronimo,,,CA,Marin County,America/Los_Angeles,415,38.02,-122.63,NA,US,0,485,
94964,PO BOX,San Quentin,,,CA,Marin County,America/Los_Angeles,415,37.94,-122.49,NA,US,0,0,
94965,STANDARD,Sausalito,Muir Beach,Marin City,CA,Marin County,America/Los_Angeles,415,37.84,-122.53,NA,US,0,9393,
94966,PO BOX,Sausalito,,,CA,Marin County,America/Los_Angeles,415,37.86,-122.49,NA,US,0,831,
94970,STANDARD,Stinson Beach,,,CA,Marin County,America/Los_Angeles,415,37.91,-122.66,NA,US,0,583,
94971,PO BOX,Tomales,,,CA,Marin County,America/Los_Angeles,"707,415",38.24,-122.9,NA,US,0,0,
94972,STANDARD,Valley Ford,,,CA,Sonoma County,America/Los_Angeles,707,38.29,-122.94,NA,US,0,0,
94973,PO BOX,Woodacre,,,CA,Marin County,America/Los_Angeles,415,38,-122.64,NA,US,0,1339,
94974,STANDARD,San Quentin,,,CA,Marin County,America/Los_Angeles,415,37.95,-122.54,NA,US,0,0,
94975,PO BOX,Petaluma,,,CA,Sonoma County,America/Los_Angeles,707,38.32,-122.64,NA,US,0,747,
94976,PO BOX,Corte Madera,,,CA,Marin County,America/Los_Angeles,415,37.92,-122.52,NA,US,0,365,
94977,PO BOX,Larkspur,,,CA,Marin County,America/Los_Angeles,415,37.93,-122.53,NA,US,0,381,
94978,PO BOX,Fairfax,,,CA,Marin County,America/Los_Angeles,415,37.98,-122.58,NA,US,0,526,
94979,PO BOX,San Anselmo,,,CA,Marin County,America/Los_Angeles,415,37.97,-122.56,NA,US,0,493,
94998,UNIQUE,Novato,,Firemans Fund Ins,CA,Marin County,America/Los_Angeles,415,38.1,-122.57,NA,US,0,0,
94999,STANDARD,Petaluma,,,CA,Sonoma County,America/Los_Angeles,707,38.32,-122.64,NA,US,0,0,
95001,PO BOX,Aptos,,,CA,Santa Cruz County,America/Los_Angeles,408,36.97,-121.89,NA,US,0,1526,
95002,PO BOX,Alviso,,,CA,Santa Clara County,America/Los_Angeles,408,37.44,-121.99,NA,US,0,1749,
95003,STANDARD,Aptos,,"Rio Del Mar, Seacliff, Seascape",CA,Santa Cruz County,America/Los_Angeles,"831,408",37,-121.87,NA,US,0,18954,
95005,STANDARD,Ben Lomond,,,CA,Santa Cruz County,America/Los_Angeles,"831,408",37.1,-122.08,NA,US,0,5137,
95006,STANDARD,Boulder Creek,,Big Basin,CA,Santa Cruz County,America/Los_Angeles,"831,408",37.16,-122.15,NA,US,0,7182,
95007,PO BOX,Brookdale,,,CA,Santa Cruz County,America/Los_Angeles,831,37.1,-122.11,NA,US,0,647,
95008,STANDARD,Campbell,,,CA,Santa Clara County,America/Los_Angeles,408,37.28,-121.95,NA,US,0,36168,
95009,PO BOX,Campbell,,,CA,Santa Clara County,America/Los_Angeles,408,37.28,-121.94,NA,US,0,497,
95010,STANDARD,Capitola,,,CA,Santa Cruz County,America/Los_Angeles,"408,831",36.97,-121.95,NA,US,0,7918,
95011,PO BOX,Campbell,,,CA,Santa Clara County,America/Los_Angeles,408,37.29,-121.95,NA,US,0,1102,
95013,PO BOX,Coyote,,,CA,Santa Clara County,America/Los_Angeles,408,37.2,-121.72,NA,US,0,0,
95014,STANDARD,Cupertino,"Monte Vista, Permanente",,CA,Santa Clara County,America/Los_Angeles,"408,650",37.3,-122.09,NA,US,0,51349,
95015,PO BOX,Cupertino,,,CA,Santa Clara County,America/Los_Angeles,408,37.32,-122.05,NA,US,0,1709,
95017,STANDARD,Davenport,,,CA,Santa Cruz County,America/Los_Angeles,831,37.09,-122.24,NA,US,0,718,
95018,STANDARD,Felton,,Lompico,CA,Santa Cruz County,America/Los_Angeles,831,37.08,-122.05,NA,US,0,6114,
95019,STANDARD,Freedom,,,CA,Santa Cruz County,America/Los_Angeles,831,36.93,-121.78,NA,US,0,7068,
95020,STANDARD,Gilroy,,,CA,Santa Clara County,America/Los_Angeles,"408,805",37.06,-121.55,NA,US,0,41952,
95021,PO BOX,Gilroy,,,CA,Santa Clara County,America/Los_Angeles,408,37.01,-121.55,NA,US,0,2725,
95023,STANDARD,Hollister,,,CA,San Benito County,America/Los_Angeles,"408,831",36.89,-121.24,NA,US,0,35971,
95024,PO BOX,Hollister,,,CA,San Benito County,America/Los_Angeles,831,36.84,-121.39,NA,US,0,2447,
95026,PO BOX,Holy City,,,CA,Santa Clara County,America/Los_Angeles,,37.15,-121.98,NA,US,0,0,
95030,STANDARD,Los Gatos,Monte Sereno,,CA,Santa Clara County,America/Los_Angeles,408,37.22,-121.99,NA,US,0,11508,
95031,PO BOX,Los Gatos,,,CA,Santa Clara County,America/Los_Angeles,408,37.12,-121.93,NA,US,0,1445,
95032,STANDARD,Los Gatos,,,CA,Santa Clara County,America/Los_Angeles,"408,650",37.23,-121.95,NA,US,0,21990,
95033,STANDARD,Los Gatos,,,CA,Santa Clara County,America/Los_Angeles,408,37.13,-121.94,NA,US,0,7196,
95035,STANDARD,Milpitas,,,CA,Santa Clara County,America/Los_Angeles,"408,510,650",37.44,-121.87,NA,US,0,54420,
95036,PO BOX,Milpitas,,,CA,Santa Clara County,America/Los_Angeles,408,37.24,-121.97,NA,US,0,1343,
95037,STANDARD,Morgan Hill,,,CA,Santa Clara County,America/Los_Angeles,408,37.17,-121.65,NA,US,0,35452,
95038,PO BOX,Morgan Hill,,,CA,Santa Clara County,America/Los_Angeles,408,37.08,-121.61,NA,US,0,1884,
95041,PO BOX,Mount Hermon,,,CA,Santa Cruz County,America/Los_Angeles,831,37.05,-122.05,NA,US,0,575,
95042,PO BOX,New Almaden,,,CA,Santa Clara County,America/Los_Angeles,,37.17,-121.82,NA,US,0,0,
95043,STANDARD,Paicines,,"New Idria, Panoche, Pinnacles, San Benito",CA,San Benito County,America/Los_Angeles,831,36.53,-120.96,NA,US,0,494,
95044,PO BOX,Redwood Estates,Redwood Est,Holy City,CA,Santa Clara County,America/Los_Angeles,408,37.15,-121.98,NA,US,0,0,
95045,STANDARD,San Juan Bautista,Sn Jun Batsta,,CA,San Benito County,America/Los_Angeles,"831,408",36.83,-121.51,NA,US,0,3345,
95046,STANDARD,San Martin,,,CA,Santa Clara County,America/Los_Angeles,408,37.1,-121.6,NA,US,0,5514,
95050,STANDARD,Santa Clara,,,CA,Santa Clara County,America/Los_Angeles,"408,619,650",37.34,-121.95,NA,US,0,26714,
95051,STANDARD,Santa Clara,,,CA,Santa Clara County,America/Los_Angeles,"408,925",37.35,-121.98,NA,US,0,45397,
95052,PO BOX,Santa Clara,,,CA,Santa Clara County,America/Los_Angeles,408,37.35,-121.95,NA,US,0,580,
95053,UNIQUE,Santa Clara,,Santa Clara University,CA,Santa Clara County,America/Los_Angeles,408,37.34,-121.93,NA,US,0,0,
95054,STANDARD,Santa Clara,,,CA,Santa Clara County,America/Los_Angeles,"408,650,831,949,858",37.39,-121.96,NA,US,0,20797,
95055,PO BOX,Santa Clara,,,CA,Santa Clara County,America/Los_Angeles,408,37.33,-121.98,NA,US,0,1075,
95056,PO BOX,Santa Clara,,,CA,Santa Clara County,America/Los_Angeles,408,37.4,-121.96,NA,US,0,795,
95060,STANDARD,Santa Cruz,"Bonny Doon, Scotts Valley",Paradise Park,CA,Santa Cruz County,America/Los_Angeles,"408,831,650",37.04,-122.1,NA,US,0,29968,
95061,PO BOX,Santa Cruz,,,CA,Santa Cruz County,America/Los_Angeles,831,36.97,-122.02,NA,US,0,1461,
95062,STANDARD,Santa Cruz,,,CA,Santa Cruz County,America/Los_Angeles,"831,408,415",36.97,-121.98,NA,US,0,26530,
95063,PO BOX,Santa Cruz,,,CA,Santa Cruz County,America/Los_Angeles,831,36.97,-122,NA,US,0,1484,
95064,STANDARD,Santa Cruz,,,CA,Santa Cruz County,America/Los_Angeles,831,36.98,-122.06,NA,US,0,890,
95065,STANDARD,Santa Cruz,,,CA,Santa Cruz County,America/Los_Angeles,831,37.03,-121.98,NA,US,0,6525,
95066,STANDARD,Scotts Valley,Santa Cruz,,CA,Santa Cruz County,America/Los_Angeles,"831,408",37.06,-122.01,NA,US,0,11926,
95067,PO BOX,Scotts Valley,Santa Cruz,,CA,Santa Cruz County,America/Los_Angeles,831,36.97,-122.03,NA,US,0,855,
95070,STANDARD,Saratoga,,,CA,Santa Clara County,America/Los_Angeles,"408,925,415",37.25,-122.06,NA,US,0,29525,
95071,PO BOX,Saratoga,,,CA,Santa Clara County,America/Los_Angeles,408,37.25,-122.03,NA,US,0,0,
95073,STANDARD,Soquel,,,CA,Santa Cruz County,America/Los_Angeles,"408,831",37.02,-121.94,NA,US,0,9169,
95075,STANDARD,Tres Pinos,,,CA,San Benito County,America/Los_Angeles,"831,408",36.77,-121.29,NA,US,0,603,
95076,STANDARD,Watsonville,"Corralitos, La Selva Bch, La Selva Beach, Mt Madonna, Pajaro, Royal Oaks",,CA,Santa Cruz County,America/Los_Angeles,"408,831,510",36.95,-121.72,NA,US,0,63437,
95077,PO BOX,Watsonville,,,CA,Santa Cruz County,America/Los_Angeles,831,36.91,-121.75,NA,US,0,3861,
95101,STANDARD,San Jose,,,CA,Santa Clara County,America/Los_Angeles,"408,650",37.38,-121.89,NA,US,0,0,
95103,PO BOX,San Jose,,,CA,Santa Clara County,America/Los_Angeles,408,37.33,-121.89,NA,US,0,0,
95106,PO BOX,San Jose,,,CA,Santa Clara County,America/Los_Angeles,408,37.33,-121.89,NA,US,0,0,
95108,PO BOX,San Jose,,,CA,Santa Clara County,America/Los_Angeles,408,37.33,-122.08,NA,US,0,0,
95109,PO BOX,San Jose,,,CA,Santa Clara County,America/Los_Angeles,408,37.33,-121.89,NA,US,0,873,
95110,STANDARD,San Jose,,,CA,Santa Clara County,America/Los_Angeles,"408,650,831,714",37.34,-121.9,NA,US,0,12621,
95111,STANDARD,San Jose,,,CA,Santa Clara County,America/Los_Angeles,408,37.28,-121.83,NA,US,0,43578,
95112,STANDARD,San Jose,,,CA,Santa Clara County,America/Los_Angeles,"408,209,415,650,916",37.34,-121.88,NA,US,0,34111,
95113,STANDARD,San Jose,,,CA,Santa Clara County,America/Los_Angeles,"408,650",37.33,-121.89,NA,US,0,1049,
95115,PO BOX,San Jose,,,CA,Santa Clara County,America/Los_Angeles,408,37.3,-121.89,NA,US,0,0,
95116,STANDARD,San Jose,,,CA,Santa Clara County,America/Los_Angeles,408,37.35,-121.85,NA,US,0,35357,
95117,STANDARD,San Jose,,,CA,Santa Clara County,America/Los_Angeles,408,37.31,-121.96,NA,US,0,22030,
95118,STANDARD,San Jose,,,CA,Santa Clara County,America/Los_Angeles,408,37.25,-121.88,NA,US,0,26249,
95119,STANDARD,San Jose,,,CA,Santa Clara County,America/Los_Angeles,408,37.22,-121.78,NA,US,0,8171,
95120,STANDARD,San Jose,,,CA,Santa Clara County,America/Los_Angeles,408,37.19,-121.83,NA,US,0,33486,
95121,STANDARD,San Jose,,,CA,Santa Clara County,America/Los_Angeles,408,37.3,-121.8,NA,US,0,30427,
95122,STANDARD,San Jose,,,CA,Santa Clara County,America/Los_Angeles,"650,408",37.33,-121.83,NA,US,0,41936,
95123,STANDARD,San Jose,,,CA,Santa Clara County,America/Los_Angeles,408,37.23,-121.82,NA,US,0,50481,
95124,STANDARD,San Jose,,,CA,Santa Clara County,America/Los_Angeles,"408,650",37.25,-121.92,NA,US,0,39234,
95125,STANDARD,San Jose,,,CA,Santa Clara County,America/Los_Angeles,"408,831",37.29,-121.88,NA,US,0,41048,
95126,STANDARD,San Jose,,,CA,Santa Clara County,America/Los_Angeles,408,37.32,-121.91,NA,US,0,23076,
95127,STANDARD,San Jose,,,CA,Santa Clara County,America/Los_Angeles,408,37.37,-121.75,NA,US,0,46641,
95128,STANDARD,San Jose,,,CA,Santa Clara County,America/Los_Angeles,"408,714",37.31,-121.93,NA,US,0,25327,
95129,STANDARD,San Jose,,,CA,Santa Clara County,America/Los_Angeles,"408,510,831",37.3,-122,NA,US,0,32839,
95130,STANDARD,San Jose,,,CA,Santa Clara County,America/Los_Angeles,"408,510",37.28,-121.98,NA,US,0,10841,
95131,STANDARD,San Jose,,,CA,Santa Clara County,America/Los_Angeles,"408,650",37.38,-121.9,NA,US,0,24403,
95132,STANDARD,San Jose,,,CA,Santa Clara County,America/Los_Angeles,408,37.42,-121.77,NA,US,0,34344,
95133,STANDARD,San Jose,,,CA,Santa Clara County,America/Los_Angeles,408,37.37,-121.86,NA,US,0,20337,
95134,STANDARD,San Jose,,,CA,Santa Clara County,America/Los_Angeles,408,37.42,-121.94,NA,US,0,12670,
95135,STANDARD,San Jose,,,CA,Santa Clara County,America/Los_Angeles,408,37.25,-121.67,NA,US,0,17221,
95136,STANDARD,San Jose,,,CA,Santa Clara County,America/Los_Angeles,408,37.27,-121.84,NA,US,0,35078,
95138,STANDARD,San Jose,,,CA,Santa Clara County,America/Los_Angeles,408,37.24,-121.73,NA,US,0,15421,
95139,STANDARD,San Jose,,,CA,Santa Clara County,America/Los_Angeles,408,37.21,-121.75,NA,US,0,5634,
95140,STANDARD,Mount Hamilton,"Mt Hamilton, San Jose",,CA,Santa Clara County,America/Los_Angeles,408,37.36,-121.67,NA,US,0,0,
95141,STANDARD,San Jose,,,CA,Santa Clara County,America/Los_Angeles,408,37.17,-121.75,NA,US,0,0,
95148,STANDARD,San Jose,,,CA,Santa Clara County,America/Los_Angeles,408,37.33,-121.77,NA,US,0,37541,
95150,PO BOX,San Jose,,,CA,Santa Clara County,America/Los_Angeles,408,37.29,-121.91,NA,US,0,1217,
95151,PO BOX,San Jose,,,CA,Santa Clara County,America/Los_Angeles,408,37.29,-121.78,NA,US,0,1597,
95152,PO BOX,San Jose,,,CA,Santa Clara County,America/Los_Angeles,408,37.41,-121.82,NA,US,0,448,
95153,PO BOX,San Jose,,,CA,Santa Clara County,America/Los_Angeles,408,37.24,-121.84,NA,US,0,744,
95154,PO BOX,San Jose,,,CA,Santa Clara County,America/Los_Angeles,408,37.26,-121.91,NA,US,0,491,
95155,PO BOX,San Jose,,,CA,Santa Clara County,America/Los_Angeles,408,37.31,-121.9,NA,US,0,0,
95156,PO BOX,San Jose,,,CA,Santa Clara County,America/Los_Angeles,408,37.35,-121.84,NA,US,0,790,
95157,PO BOX,San Jose,,,CA,Santa Clara County,America/Los_Angeles,408,37.3,-121.97,NA,US,0,597,
95158,PO BOX,San Jose,,,CA,Santa Clara County,America/Los_Angeles,408,37.26,-121.87,NA,US,0,556,
95159,PO BOX,San Jose,,,CA,Santa Clara County,America/Los_Angeles,408,37.31,-121.93,NA,US,0,1393,
95160,PO BOX,San Jose,,,CA,Santa Clara County,America/Los_Angeles,408,37.21,-121.86,NA,US,0,424,
95161,PO BOX,San Jose,,,CA,Santa Clara County,America/Los_Angeles,408,37.38,-121.89,NA,US,0,1275,
95164,PO BOX,San Jose,,,CA,Santa Clara County,America/Los_Angeles,408,37.39,-121.92,NA,US,0,819,
95170,PO BOX,San Jose,,,CA,Santa Clara County,America/Los_Angeles,650,37.31,-122,NA,US,0,0,
95172,PO BOX,San Jose,,,CA,Santa Clara County,America/Los_Angeles,408,37.33,-121.88,NA,US,0,0,
95173,PO BOX,San Jose,,,CA,Santa Clara County,America/Los_Angeles,408,37.33,-121.89,NA,US,0,833,
95190,UNIQUE,San Jose,,San Jose Mercury News,CA,Santa Clara County,America/Los_Angeles,408,37.37,-121.9,NA,US,0,0,
95191,UNIQUE,San Jose,,A M O R C,CA,Santa Clara County,America/Los_Angeles,408,37.32,-121.91,NA,US,0,0,
95192,UNIQUE,San Jose,,San Jose State University,CA,Santa Clara County,America/Los_Angeles,408,37.34,-121.89,NA,US,0,0,
95193,UNIQUE,San Jose,,I B M,CA,Santa Clara County,America/Los_Angeles,408,37.24,-121.83,NA,US,0,0,
95194,UNIQUE,San Jose,,California Water Service,CA,Santa Clara County,America/Los_Angeles,408,37.34,-121.88,NA,US,0,0,
95196,UNIQUE,San Jose,,San Jose Water Company,CA,Santa Clara County,America/Los_Angeles,408,37.33,-121.89,NA,US,0,0,
95201,PO BOX,Stockton,,Stkn,CA,San Joaquin County,America/Los_Angeles,209,37.9,-121.22,NA,US,0,951,
95202,STANDARD,Stockton,,Stkn,CA,San Joaquin County,America/Los_Angeles,"209,530",37.95,-121.28,NA,US,0,3036,
95203,STANDARD,Stockton,,Stkn,CA,San Joaquin County,America/Los_Angeles,209,37.95,-121.32,NA,US,0,9689,
95204,STANDARD,Stockton,,Stkn,CA,San Joaquin County,America/Los_Angeles,"209,530",37.97,-121.32,NA,US,0,19838,
95205,STANDARD,Stockton,,Stkn,CA,San Joaquin County,America/Los_Angeles,209,37.96,-121.26,NA,US,0,24135,
95206,STANDARD,Stockton,,Stkn,CA,San Joaquin County,America/Los_Angeles,209,37.9,-121.4,NA,US,0,44874,
95207,STANDARD,Stockton,,Stkn,CA,San Joaquin County,America/Los_Angeles,"209,530",38,-121.32,NA,US,0,31668,
95208,PO BOX,Stockton,,Stkn,CA,San Joaquin County,America/Los_Angeles,209,37.95,-121.43,NA,US,0,781,
95209,STANDARD,Stockton,,Stkn,CA,San Joaquin County,America/Los_Angeles,209,38.04,-121.35,NA,US,0,29459,
95210,STANDARD,Stockton,,Stkn,CA,San Joaquin County,America/Los_Angeles,209,38.02,-121.3,NA,US,0,25741,
95211,UNIQUE,Stockton,,"Stkn, Univ Of The Pacific",CA,San Joaquin County,America/Los_Angeles,209,37.98,-121.3,NA,US,0,0,
95212,STANDARD,Stockton,Morada,Stkn,CA,San Joaquin County,America/Los_Angeles,"209,510",38.04,-121.2,NA,US,0,18519,
95213,PO BOX,Stockton,,Stkn,CA,San Joaquin County,America/Los_Angeles,209,37.95,-121.43,NA,US,0,899,
95215,STANDARD,Stockton,,Stkn,CA,San Joaquin County,America/Los_Angeles,209,37.95,-121.12,NA,US,0,15614,
95219,STANDARD,Stockton,,Stkn,CA,San Joaquin County,America/Los_Angeles,209,38.01,-121.38,NA,US,0,21236,
95220,STANDARD,Acampo,,,CA,San Joaquin County,America/Los_Angeles,209,38.19,-121.25,NA,US,0,5450,
95227,PO BOX,Clements,,,CA,San Joaquin County,America/Los_Angeles,209,38.21,-121.03,NA,US,0,888,
95231,STANDARD,French Camp,,,CA,San Joaquin County,America/Los_Angeles,209,37.86,-121.29,NA,US,0,3106,
95234,PO BOX,Holt,,,CA,San Joaquin County,America/Los_Angeles,209,37.93,-121.42,NA,US,0,0,
95236,STANDARD,Linden,,,CA,San Joaquin County,America/Los_Angeles,209,38.05,-121.03,NA,US,0,4764,
95237,STANDARD,Lockeford,,,CA,San Joaquin County,America/Los_Angeles,209,38.17,-121.13,NA,US,0,3187,
95240,STANDARD,Lodi,,,CA,San Joaquin County,America/Los_Angeles,209,38.11,-121.16,NA,US,0,30585,
95241,PO BOX,Lodi,,,CA,San Joaquin County,America/Los_Angeles,209,38.15,-121.3,NA,US,0,2197,
95242,STANDARD,Lodi,,,CA,San Joaquin County,America/Los_Angeles,209,38.13,-121.39,NA,US,0,20643,
95253,PO BOX,Victor,,,CA,San Joaquin County,America/Los_Angeles,209,38.14,-121.2,NA,US,0,741,
95258,STANDARD,Woodbridge,,,CA,San Joaquin County,America/Los_Angeles,209,38.16,-121.29,NA,US,0,4461,
95267,PO BOX,Stockton,,Stkn,CA,San Joaquin County,America/Los_Angeles,209,38,-121.31,NA,US,0,723,
95269,PO BOX,Stockton,,Stkn,CA,San Joaquin County,America/Los_Angeles,209,38.01,-121.32,NA,US,0,1714,
95296,UNIQUE,Stockton,Lyoth,Defense Dist Region,CA,San Joaquin County,America/Los_Angeles,209,38.02,-121.3,NA,US,0,0,
95297,UNIQUE,Stockton,,Stockton Brm Zip,CA,San Joaquin County,America/Los_Angeles,209,37.96,-121.3,NA,US,0,0,
95304,STANDARD,Tracy,Banta,,CA,San Joaquin County,America/Los_Angeles,"925,209,805",37.69,-121.39,NA,US,0,8986,
95320,STANDARD,Escalon,,,CA,San Joaquin County,America/Los_Angeles,209,37.83,-121.03,NA,US,0,10192,
95330,STANDARD,Lathrop,,,CA,San Joaquin County,America/Los_Angeles,209,37.82,-121.29,NA,US,0,13248,
95336,STANDARD,Manteca,,,CA,San Joaquin County,America/Los_Angeles,209,37.83,-121.18,NA,US,0,33056,
95337,STANDARD,Manteca,,,CA,San Joaquin County,America/Los_Angeles,209,37.73,-121.24,NA,US,0,22663,
95366,STANDARD,Ripon,,,CA,San Joaquin County,America/Los_Angeles,209,37.75,-121.12,NA,US,0,13598,
95376,STANDARD,Tracy,,,CA,San Joaquin County,America/Los_Angeles,"209,510",37.73,-121.42,NA,US,0,38068,
95377,STANDARD,Tracy,,,CA,San Joaquin County,America/Los_Angeles,"510,209",37.62,-121.45,NA,US,0,23164,
95378,PO BOX,Tracy,,,CA,San Joaquin County,America/Los_Angeles,209,37.8,-121.55,NA,US,0,1002,
95391,STANDARD,Tracy,"Mountain House, Mtn House",,CA,San Joaquin County,America/Los_Angeles,209,37.76,-121.63,NA,US,0,7031,
95401,STANDARD,Santa Rosa,,,CA,Sonoma County,America/Los_Angeles,707,38.44,-122.78,NA,US,0,26704,
95402,PO BOX,Santa Rosa,,,CA,Sonoma County,America/Los_Angeles,707,38.47,-122.6,NA,US,0,3300,
95403,STANDARD,Santa Rosa,Larkfield,,CA,Sonoma County,America/Los_Angeles,"707,408",38.5,-122.76,NA,US,0,33257,
95404,STANDARD,Santa Rosa,,,CA,Sonoma County,America/Los_Angeles,707,38.45,-122.68,NA,US,0,29799,
95405,STANDARD,Santa Rosa,,,CA,Sonoma County,America/Los_Angeles,707,38.43,-122.67,NA,US,0,18155,
95406,PO BOX,Santa Rosa,,,CA,Sonoma County,America/Los_Angeles,707,38.45,-122.72,NA,US,0,849,
95407,STANDARD,Santa Rosa,,Roseland,CA,Sonoma County,America/Los_Angeles,707,38.39,-122.75,NA,US,0,26764,
95409,STANDARD,Santa Rosa,Kenwood,,CA,Sonoma County,America/Los_Angeles,707,38.45,-122.59,NA,US,0,21790,
95412,STANDARD,Annapolis,,,CA,Sonoma County,America/Los_Angeles,707,38.71,-123.33,NA,US,0,0,
95416,PO BOX,Boyes Hot Springs,Boyes Hot Spg,"B H Springs, Boyes Springs, Fetters Hot Springs",CA,Sonoma County,America/Los_Angeles,707,38.31,-122.48,NA,US,0,2731,
95419,PO BOX,Camp Meeker,,,CA,Sonoma County,America/Los_Angeles,707,38.42,-122.95,NA,US,0,0,
95421,STANDARD,Cazadero,,,CA,Sonoma County,America/Los_Angeles,707,38.56,-123.2,NA,US,0,1034,
95425,STANDARD,Cloverdale,,"Asti, The Geysers",CA,Sonoma County,America/Los_Angeles,707,38.78,-122.92,NA,US,0,8841,
95430,PO BOX,Duncans Mills,,,CA,Sonoma County,America/Los_Angeles,707,38.44,-123.05,NA,US,0,0,
95431,PO BOX,Eldridge,,,CA,Sonoma County,America/Los_Angeles,707,38.34,-122.51,NA,US,0,0,
95433,PO BOX,El Verano,,,CA,Sonoma County,America/Los_Angeles,707,38.29,-122.48,NA,US,0,873,
95436,STANDARD,Forestville,,,CA,Sonoma County,America/Los_Angeles,"707,415",38.48,-122.9,NA,US,0,4585,
95439,STANDARD,Fulton,,,CA,Sonoma County,America/Los_Angeles,707,38.49,-122.77,NA,US,0,838,
95441,STANDARD,Geyserville,,,CA,Sonoma County,America/Los_Angeles,707,38.74,-123.13,NA,US,0,2362,
95442,STANDARD,Glen Ellen,,,CA,Sonoma County,America/Los_Angeles,707,38.38,-122.52,NA,US,0,2862,
95444,STANDARD,Graton,,,CA,Sonoma County,America/Los_Angeles,707,38.43,-122.86,NA,US,0,1154,
95446,STANDARD,Guerneville,,Guernewood,CA,Sonoma County,America/Los_Angeles,707,38.52,-123.01,NA,US,0,3558,
95448,STANDARD,Healdsburg,,,CA,Sonoma County,America/Los_Angeles,707,38.63,-122.89,NA,US,0,14838,
95450,STANDARD,Jenner,,Fort Ross,CA,Sonoma County,America/Los_Angeles,707,38.51,-123.21,NA,US,0,0,
95452,STANDARD,Kenwood,,,CA,Sonoma County,America/Los_Angeles,707,38.42,-122.54,NA,US,0,1581,
95462,STANDARD,Monte Rio,"Russian River, Russian River Mdws",,CA,Sonoma County,America/Los_Angeles,707,38.45,-123.01,NA,US,0,836,
95465,STANDARD,Occidental,,,CA,Sonoma County,America/Los_Angeles,707,38.41,-123.01,NA,US,0,1774,
95471,PO BOX,Rio Nido,,,CA,Sonoma County,America/Los_Angeles,707,38.52,-122.97,NA,US,0,0,
95472,STANDARD,Sebastopol,Freestone,,CA,Sonoma County,America/Los_Angeles,707,38.4,-122.86,NA,US,0,21680,
95473,PO BOX,Sebastopol,,,CA,Sonoma County,America/Los_Angeles,707,38.4,-122.82,NA,US,0,1470,
95476,STANDARD,Sonoma,,"Agua Caliente, Schellville",CA,Sonoma County,America/Los_Angeles,707,38.24,-122.46,NA,US,0,24893,
95480,STANDARD,Stewarts Point,Stewarts Pt,Stewarts Point Rancheria,CA,Sonoma County,America/Los_Angeles,707,38.64,-123.37,NA,US,0,0,
95486,PO BOX,Villa Grande,,Sheridan,CA,Sonoma County,America/Los_Angeles,707,38.47,-123.03,NA,US,0,0,
95487,PO BOX,Vineburg,,,CA,Sonoma County,America/Los_Angeles,707,38.25,-122.45,NA,US,0,470,
95492,STANDARD,Windsor,,,CA,Sonoma County,America/Los_Angeles,707,38.53,-122.81,NA,US,0,23814,
95497,PO BOX,The Sea Ranch,,,CA,Sonoma County,America/Los_Angeles,707,38.7,-123.44,NA,US,0,411,
95620,STANDARD,Dixon,Liberty Farms,,CA,Solano County,America/Los_Angeles,"530,707,916",38.39,-121.81,NA,US,0,16600,
95625,PO BOX,Elmira,,,CA,Solano County,America/Los_Angeles,707,38.35,-121.9,NA,US,0,0,
95686,PO BOX,Thornton,,,CA,San Joaquin County,America/Los_Angeles,209,38.17,-121.52,NA,US,0,922,
95687,STANDARD,Vacaville,,,CA,Solano County,America/Los_Angeles,707,38.35,-121.93,NA,US,0,45910,
95688,STANDARD,Vacaville,,Allendale,CA,Solano County,America/Los_Angeles,"707,916",38.41,-122.01,NA,US,0,28085,
95696,PO BOX,Vacaville,,,CA,Solano County,America/Los_Angeles,"707,925",38.31,-121.92,NA,US,0,2007,
